sightingID,observationDate,observationTime,county,speciesName,speciesCode,locationName,locationID,lat,lng,howMany,tideStationName,highhighTime,highhighWaterLevel,highTime,highWaterLevel,lowTime,lowWaterLevel,lowlowTime,lowlowWaterLevel
L109136-2021-02-28 10:42S82501262,2021-01-28 00:02:00,2021-01-28 00:02:00,US-NJ-009,American Oystercatcher,ameoys,Cape Island--South Cape May Meadows (SCMM),L109136,38.9359287,-74.9434519,1,Cape May,2021-02-28 14:12:00,2.595,2021-02-28 01:54:00,2.379,2021-02-28 20:06:00,0.685,2021-02-28 07:36:00,0.5820000000000001
L3797793-2021-02-26 10:34S82368120,2021-01-26 00:02:00,2021-01-26 00:02:00,US-NJ-009,American Oystercatcher,ameoys,Ocean City Welcome Center,L3797793,39.2881767,-74.5824587,4,Cape May,2021-02-26 12:42:00,2.414,2021-02-26 00:00:00,2.128,2021-02-26 18:48:00,0.72,2021-02-26 06:00:00,0.5760000000000001
L1636680-2021-02-24 08:14S82257699,2021-01-24 00:02:00,2021-01-24 00:02:00,US-NJ-009,American Oystercatcher,ameoys,Cape May Point SP,L1636680,38.9325,-74.9591667,2,Cape May,2021-02-24 11:12:00,2.407,2021-02-24 23:42:00,2.053,2021-02-24 17:24:00,0.8859999999999999,2021-02-24 04:24:00,0.8809999999999999
L211826-2021-02-27 17:20S82475086,2021-01-27 00:02:00,2021-01-27 00:02:00,US-NJ-009,Black-bellied Plover,bkbplo,Jake's Landing,L211826,39.1795653,-74.8510244,20,Cape May,2021-02-27 13:30:00,2.69,2021-02-27 00:54:00,2.195,2021-02-27 19:30:00,0.722,2021-02-27 06:48:00,0.617
L211914-2021-02-20 13:21S82028509,2021-01-20 00:02:00,2021-01-20 00:02:00,US-NJ-009,Black-bellied Plover,bkbplo,Nummy Island,L211914,39.0365891,-74.7912741,3,Cape May,2021-02-20 07:12:00,2.428,2021-02-20 19:36:00,2.013,2021-02-20 01:00:00,1.4480000000000002,2021-02-20 13:06:00,1.3159999999999998
L274556-2021-02-14 12:22S81425988,2021-01-14 00:02:00,2021-01-14 00:02:00,US-NJ-009,Black-bellied Plover,bkbplo,Stone Harbor Blvd--The Wetlands Institute,L274556,39.0608166,-74.7726134,2,Cape May,2021-02-14 15:12:00,2.608,2021-02-14 03:00:00,2.5340000000000003,2021-02-14 08:42:00,1.104,2021-02-14 21:30:00,0.993
L109134-2021-02-09 17:15S80732937,2021-01-09 00:02:00,2021-01-09 00:02:00,US-NJ-009,Black-bellied Plover,bkbplo,North Wildwood--Hereford Inlet/Seawall,L109134,39.0119444,-74.7925,100,Cape May,2021-02-09 11:24:00,2.576,2021-02-09 23:36:00,2.169,2021-02-09 17:54:00,0.841,2021-02-09 04:48:00,0.828
L13516032-2021-02-07 09:31S80576895,2021-01-07 00:02:00,2021-01-07 00:02:00,US-NJ-009,Black-bellied Plover,bkbplo,"Millman Blvd, Cape May US-NJ 39.05036, -74.92732",L13516032,39.050362,-74.927323,4,Cape May,2021-02-07 09:30:00,2.468,2021-02-07 22:30:00,2.25,2021-02-07 15:30:00,1.032,2021-02-07 02:42:00,0.6409999999999999
L10662001-2021-02-06 15:29S80536120,2021-01-06 00:02:00,2021-01-06 00:02:00,US-NJ-009,Black-bellied Plover,bkbplo,Cape May Airport (North end),L10662001,39.017372,-74.905314,1,Cape May,2021-02-06 08:30:00,2.556,2021-02-06 20:48:00,1.9369999999999998,2021-02-06 15:06:00,0.9790000000000001,2021-02-06 01:48:00,0.914
L197073-2021-02-06 12:24S80546598,2021-01-06 00:02:00,2021-01-06 00:02:00,US-NJ-009,Black-bellied Plover,bkbplo,Stone Harbor Point,L197073,39.0317999,-74.7723111,4,Cape May,2021-02-06 08:30:00,2.556,2021-02-06 20:48:00,1.9369999999999998,2021-02-06 15:06:00,0.9790000000000001,2021-02-06 01:48:00,0.914
L1596312-2021-02-27 17:13S82462566,2021-01-27 00:02:00,2021-01-27 00:02:00,US-NJ-009,Killdeer,killde,Yard list: Garland/Cunningham,L1596312,38.9373233,-74.9318693,2,Cape May,2021-02-27 13:30:00,2.69,2021-02-27 00:54:00,2.195,2021-02-27 19:30:00,0.722,2021-02-27 06:48:00,0.617
L5696528-2021-02-27 14:21S82443478,2021-01-27 00:02:00,2021-01-27 00:02:00,US-NJ-009,Killdeer,killde,US-NJ-West Cape May-Crawford House,L5696528,38.940607,-74.928028,1,Cape May,2021-02-27 13:30:00,2.69,2021-02-27 00:54:00,2.195,2021-02-27 19:30:00,0.722,2021-02-27 06:48:00,0.617
L9266367-2021-02-27 10:30S82467205,2021-01-27 00:02:00,2021-01-27 00:02:00,US-NJ-009,Killdeer,killde,Cape Island - 712 Foster Ave,L9266367,38.9639402,-74.9329309,10,Cape May,2021-02-27 13:30:00,2.69,2021-02-27 00:54:00,2.195,2021-02-27 19:30:00,0.722,2021-02-27 06:48:00,0.617
L797395-2021-02-27 09:41S82420511,2021-01-27 00:02:00,2021-01-27 00:02:00,US-NJ-009,Killdeer,killde,Cape Island--Higbee Beach WMA--Magnesite Plant,L797395,38.9439941,-74.9661219,1,Cape May,2021-02-27 13:30:00,2.69,2021-02-27 00:54:00,2.195,2021-02-27 19:30:00,0.722,2021-02-27 06:48:00,0.617
L13825843-2021-02-24 12:14S82272740,2021-01-24 00:02:00,2021-01-24 00:02:00,US-NJ-009,Killdeer,killde,"Cape May Point State Park, Cape May US-NJ 38.93260, -74.95926",L13825843,38.932602,-74.959264,6,Cape May,2021-02-24 11:12:00,2.407,2021-02-24 23:42:00,2.053,2021-02-24 17:24:00,0.8859999999999999,2021-02-24 04:24:00,0.8809999999999999
L287638-2021-02-23 09:24S82206168,2021-01-23 00:02:00,2021-01-23 00:02:00,US-NJ-009,Killdeer,killde,Cape Island--Higbee Beach WMA--Hidden Valley,L287638,38.9606602,-74.9462628,22,Cape May,2021-02-23 10:12:00,2.349,2021-02-23 22:36:00,1.859,2021-02-23 16:36:00,1.044,2021-02-23 03:42:00,0.97
L10930682-2021-02-22 09:47S82149170,2021-01-22 00:02:00,2021-01-22 00:02:00,US-NJ-009,Killdeer,killde,"Cape May Point State Park, Cape May US-NJ 38.93316, -74.95843",L10930682,38.933164,-74.95843,1,Cape May,2021-02-22 09:06:00,2.3040000000000003,2021-02-22 20:24:00,1.8869999999999998,2021-02-22 15:30:00,1.22,2021-02-22 02:24:00,1.067
L267674-2021-02-22 09:21S82146672,2021-01-22 00:02:00,2021-01-22 00:02:00,US-NJ-009,Killdeer,killde,Cape Island* (Cape May Co. south of the Cape May canal),L267674,38.9450248,-74.9337747,4,Cape May,2021-02-22 09:06:00,2.3040000000000003,2021-02-22 20:24:00,1.8869999999999998,2021-02-22 15:30:00,1.22,2021-02-22 02:24:00,1.067
L763467-2021-02-21 12:15S82083430,2021-01-21 00:02:00,2021-01-21 00:02:00,US-NJ-009,Killdeer,killde,Cape Island--Smith Farm (view from road),L763467,38.9480285,-74.9389458,7,Cape May,2021-02-21 08:06:00,2.0980000000000003,2021-02-21 20:36:00,1.896,2021-02-21 14:36:00,1.148,2021-02-21 02:00:00,1.013
L549641-2021-02-20 14:45S82020013,2021-01-20 00:02:00,2021-01-20 00:02:00,US-NJ-009,Killdeer,killde,Cape May Airport,L549641,39.0047433,-74.908432,5,Cape May,2021-02-20 07:12:00,2.428,2021-02-20 19:36:00,2.013,2021-02-20 01:00:00,1.4480000000000002,2021-02-20 13:06:00,1.3159999999999998
L2445506-2021-02-20 11:15S81999611,2021-01-20 00:02:00,2021-01-20 00:02:00,US-NJ-009,Killdeer,killde,Cape May Co. Park East,L2445506,39.1015082,-74.807142,12,Cape May,2021-02-20 07:12:00,2.428,2021-02-20 19:36:00,2.013,2021-02-20 01:00:00,1.4480000000000002,2021-02-20 13:06:00,1.3159999999999998
L4881215-2021-02-20 06:01S81980251,2021-01-20 00:02:00,2021-01-20 00:02:00,US-NJ-009,Killdeer,killde,"Cape Island--CMBO's ""The Roost"" (restricted access)",L4881215,38.953483,-74.940971,1,Cape May,2021-02-20 07:12:00,2.428,2021-02-20 19:36:00,2.013,2021-02-20 01:00:00,1.4480000000000002,2021-02-20 13:06:00,1.3159999999999998
L281552-2021-02-19 11:00S81971979,2021-01-19 00:02:00,2021-01-19 00:02:00,US-NJ-009,Killdeer,killde,Cape May–Lewes Ferry Terminal,L281552,38.9678215,-74.9634733,1,Cape May,2021-02-19 06:30:00,2.489,2021-02-19 18:36:00,2.319,2021-02-19 12:42:00,1.483,2021-02-19 00:30:00,1.401
L12360062-2021-02-14 15:27S81521323,2021-01-14 00:02:00,2021-01-14 00:02:00,US-NJ-009,Killdeer,killde,Nauti Spirits Distillery (restricted access),L12360062,38.970158,-74.933002,14,Cape May,2021-02-14 15:12:00,2.608,2021-02-14 03:00:00,2.5340000000000003,2021-02-14 08:42:00,1.104,2021-02-14 21:30:00,0.993
L13662743-2021-02-14 11:52S81379913,2021-01-14 00:02:00,2021-01-14 00:02:00,US-NJ-009,Killdeer,killde,Ocean City - Intermediate School Ball Fields,L13662743,39.26915,-74.59449,16,Cape May,2021-02-14 15:12:00,2.608,2021-02-14 03:00:00,2.5340000000000003,2021-02-14 08:42:00,1.104,2021-02-14 21:30:00,0.993
L13661269-2021-02-14 10:54S81370890,2021-01-14 00:02:00,2021-01-14 00:02:00,US-NJ-009,Killdeer,killde,Stone Harbor Park,L13661269,39.062873,-74.748967,1,Cape May,2021-02-14 15:12:00,2.608,2021-02-14 03:00:00,2.5340000000000003,2021-02-14 08:42:00,1.104,2021-02-14 21:30:00,0.993
L13681101-2021-02-14 09:55S81479961,2021-01-14 00:02:00,2021-01-14 00:02:00,US-NJ-009,Killdeer,killde,81st St. & Dune (2nd) Ave park,L13681101,39.0624828,-74.7501505,1,Cape May,2021-02-14 15:12:00,2.608,2021-02-14 03:00:00,2.5340000000000003,2021-02-14 08:42:00,1.104,2021-02-14 21:30:00,0.993
L13659041-2021-02-14 09:52S81357039,2021-01-14 00:02:00,2021-01-14 00:02:00,US-NJ-009,Killdeer,killde,"569–615 Hands Mill Rd, Woodbine US-NJ 39.24825, -74.89279",L13659041,39.248253,-74.892793,1,Cape May,2021-02-14 15:12:00,2.608,2021-02-14 03:00:00,2.5340000000000003,2021-02-14 08:42:00,1.104,2021-02-14 21:30:00,0.993
L11423386-2021-02-14 09:03S81332369,2021-01-14 00:02:00,2021-01-14 00:02:00,US-NJ-009,Killdeer,killde,"13 Strawberry Ln, Cape May US-NJ 38.95537, -74.92859",L11423386,38.955373,-74.92859,1,Cape May,2021-02-14 15:12:00,2.608,2021-02-14 03:00:00,2.5340000000000003,2021-02-14 08:42:00,1.104,2021-02-14 21:30:00,0.993
L13477787-2021-02-12 17:12S81012047,2021-01-12 00:02:00,2021-01-12 00:02:00,US-NJ-009,Killdeer,killde,"45th Street Dog Park, Ocean City",L13477787,39.239387,-74.625475,3,Cape May,2021-02-12 14:06:00,2.59,2021-02-12 01:42:00,2.266,2021-02-12 20:12:00,0.782,2021-02-12 07:18:00,0.7559999999999999
L9085178-2021-02-12 15:25S81003284,2021-01-12 00:02:00,2021-01-12 00:02:00,US-NJ-009,Killdeer,killde,Cape May Co. Veterans' Cemetery,L9085178,39.095896,-74.802746,2,Cape May,2021-02-12 14:06:00,2.59,2021-02-12 01:42:00,2.266,2021-02-12 20:12:00,0.782,2021-02-12 07:18:00,0.7559999999999999
L476960-2021-02-12 12:05S81143816,2021-01-12 00:02:00,2021-01-12 00:02:00,US-NJ-009,Killdeer,killde,Goshen (general area),L476960,39.1431088,-74.8537588,2,Cape May,2021-02-12 14:06:00,2.59,2021-02-12 01:42:00,2.266,2021-02-12 20:12:00,0.782,2021-02-12 07:18:00,0.7559999999999999
L13561167-2021-02-11 13:51S80818004,2021-01-11 00:02:00,2021-01-11 00:02:00,US-NJ-009,Killdeer,killde,"Cape May Airport, Rio Grande US-NJ 39.00550, -74.90808",L13561167,39.005499,-74.908078,1,Cape May,2021-02-11 13:24:00,2.74,2021-02-11 00:54:00,2.173,2021-02-11 19:36:00,0.883,2021-02-11 06:30:00,0.753
L269018-2021-02-09 08:28S80694546,2021-01-09 00:02:00,2021-01-09 00:02:00,US-NJ-009,Killdeer,killde,Cape Island--2nd Ave. jetty/pavilion,L269018,38.9293612,-74.9345362,1,Cape May,2021-02-09 11:24:00,2.576,2021-02-09 23:36:00,2.169,2021-02-09 17:54:00,0.841,2021-02-09 04:48:00,0.828
L3490522-2021-02-06 13:13S80524956,2021-01-06 00:02:00,2021-01-06 00:02:00,US-NJ-009,Killdeer,killde,Medows Cape May,L3490522,38.937456,-74.940553,1,Cape May,2021-02-06 08:30:00,2.556,2021-02-06 20:48:00,1.9369999999999998,2021-02-06 15:06:00,0.9790000000000001,2021-02-06 01:48:00,0.914
L12508994-2021-02-28 08:09S82491248,2021-01-28 00:02:00,2021-01-28 00:02:00,US-NJ-009,Sanderling,sander,"825 Boardwalk, Ocean City US-NJ 39.27567, -74.56891",L12508994,39.275672,-74.568914,5,Cape May,2021-02-28 14:12:00,2.595,2021-02-28 01:54:00,2.379,2021-02-28 20:06:00,0.685,2021-02-28 07:36:00,0.5820000000000001
L13858304-2021-02-27 15:00S82447142,2021-01-27 00:02:00,2021-01-27 00:02:00,US-NJ-009,Sanderling,sander,"Wildwood Public Beach, Cape May US-NJ (38.9848,-74.8054)",L13858304,38.984838,-74.805419,40,Cape May,2021-02-27 13:30:00,2.69,2021-02-27 00:54:00,2.195,2021-02-27 19:30:00,0.722,2021-02-27 06:48:00,0.617
L589790-2021-02-27 12:16S82438682,2021-01-27 00:02:00,2021-01-27 00:02:00,US-NJ-009,Sanderling,sander,Corson's Inlet SP,L589790,39.2167774,-74.6462631,4,Cape May,2021-02-27 13:30:00,2.69,2021-02-27 00:54:00,2.195,2021-02-27 19:30:00,0.722,2021-02-27 06:48:00,0.617
L12438477-2021-02-24 15:05S82282421,2021-01-24 00:02:00,2021-01-24 00:02:00,US-NJ-009,Sanderling,sander,"Peck's Beach, Ocean City",L12438477,39.2360295,-74.6231214,5,Cape May,2021-02-24 11:12:00,2.407,2021-02-24 23:42:00,2.053,2021-02-24 17:24:00,0.8859999999999999,2021-02-24 04:24:00,0.8809999999999999
L13836820-2021-02-24 08:45S82334192,2021-01-24 00:02:00,2021-01-24 00:02:00,US-NJ-009,Sanderling,sander,Town Bank Rd,L13836820,38.9870256,-74.9593112,20,Cape May,2021-02-24 11:12:00,2.407,2021-02-24 23:42:00,2.053,2021-02-24 17:24:00,0.8859999999999999,2021-02-24 04:24:00,0.8809999999999999
L302921-2021-02-23 13:35S82237326,2021-01-23 00:02:00,2021-01-23 00:02:00,US-NJ-009,Sanderling,sander,Norbury's Landing,L302921,39.0501634,-74.9273613,3,Cape May,2021-02-23 10:12:00,2.349,2021-02-23 22:36:00,1.859,2021-02-23 16:36:00,1.044,2021-02-23 03:42:00,0.97
L13783978-2021-02-23 07:35S82199396,2021-01-23 00:02:00,2021-01-23 00:02:00,US-NJ-009,Sanderling,sander,Ocean City — Peck Beach,L13783978,39.2461602,-74.6130227,16,Cape May,2021-02-23 10:12:00,2.349,2021-02-23 22:36:00,1.859,2021-02-23 16:36:00,1.044,2021-02-23 03:42:00,0.97
L12188514-2021-02-22 16:13S82174598,2021-01-22 00:02:00,2021-01-22 00:02:00,US-NJ-009,Sanderling,sander,"Corson's Inlet State Park, Ocean City",L12188514,39.2163007,-74.64615,1,Cape May,2021-02-22 09:06:00,2.3040000000000003,2021-02-22 20:24:00,1.8869999999999998,2021-02-22 15:30:00,1.22,2021-02-22 02:24:00,1.067
L450426-2021-02-21 15:44S82103444,2021-01-21 00:02:00,2021-01-21 00:02:00,US-NJ-009,Sanderling,sander,Cape Island--CMP--St. Peter's dune crossing,L450426,38.9334623,-74.9665347,2,Cape May,2021-02-21 08:06:00,2.0980000000000003,2021-02-21 20:36:00,1.896,2021-02-21 14:36:00,1.148,2021-02-21 02:00:00,1.013
L715654-2021-02-21 12:50S82107706,2021-01-21 00:02:00,2021-01-21 00:02:00,US-NJ-009,Sanderling,sander,Avalon Dunes (30th-60th streets),L715654,39.0852745,-74.7276226,10,Cape May,2021-02-21 08:06:00,2.0980000000000003,2021-02-21 20:36:00,1.896,2021-02-21 14:36:00,1.148,2021-02-21 02:00:00,1.013
L1079244-2021-02-21 08:48S82065304,2021-01-21 00:02:00,2021-01-21 00:02:00,US-NJ-009,Sanderling,sander,North Cape May--Elwood Rd. Jetty,L1079244,38.9911705,-74.958837,5,Cape May,2021-02-21 08:06:00,2.0980000000000003,2021-02-21 20:36:00,1.896,2021-02-21 14:36:00,1.148,2021-02-21 02:00:00,1.013
L13788147-2021-02-21 08:07S82066063,2021-01-21 00:02:00,2021-01-21 00:02:00,US-NJ-009,Sanderling,sander,"Two Mile Beach, Cape May US-NJ 38.94924, -74.85600",L13788147,38.949242,-74.855998,6,Cape May,2021-02-21 08:06:00,2.0980000000000003,2021-02-21 20:36:00,1.896,2021-02-21 14:36:00,1.148,2021-02-21 02:00:00,1.013
L13677786-2021-02-14 10:16S81462583,2021-01-14 00:02:00,2021-01-14 00:02:00,US-NJ-009,Sanderling,sander,S Cape May - CM Harbor/Beach,L13677786,38.9399091,-74.9008024,4,Cape May,2021-02-14 15:12:00,2.608,2021-02-14 03:00:00,2.5340000000000003,2021-02-14 08:42:00,1.104,2021-02-14 21:30:00,0.993
L13612577-2021-02-12 15:30S81097523,2021-01-12 00:02:00,2021-01-12 00:02:00,US-NJ-009,Sanderling,sander,"Villas, NJ",L13612577,38.9982788,-74.9510618,12,Cape May,2021-02-12 14:06:00,2.59,2021-02-12 01:42:00,2.266,2021-02-12 20:12:00,0.782,2021-02-12 07:18:00,0.7559999999999999
L269018-2021-02-09 08:28S80694546,2021-01-09 00:02:00,2021-01-09 00:02:00,US-NJ-009,Sanderling,sander,Cape Island--2nd Ave. jetty/pavilion,L269018,38.9293612,-74.9345362,3,Cape May,2021-02-09 11:24:00,2.576,2021-02-09 23:36:00,2.169,2021-02-09 17:54:00,0.841,2021-02-09 04:48:00,0.828
L797395-2021-02-07 09:00S80603330,2021-01-07 00:02:00,2021-01-07 00:02:00,US-NJ-009,Sanderling,sander,Cape Island--Higbee Beach WMA--Magnesite Plant,L797395,38.9439941,-74.9661219,4,Cape May,2021-02-07 09:30:00,2.468,2021-02-07 22:30:00,2.25,2021-02-07 15:30:00,1.032,2021-02-07 02:42:00,0.6409999999999999
L928645-2021-02-06 14:15S80530872,2021-01-06 00:02:00,2021-01-06 00:02:00,US-NJ-009,Sanderling,sander,Stone Harbor (general area),L928645,39.0474263,-74.7636403,4,Cape May,2021-02-06 08:30:00,2.556,2021-02-06 20:48:00,1.9369999999999998,2021-02-06 15:06:00,0.9790000000000001,2021-02-06 01:48:00,0.914
L211914-2021-02-06 12:05S80530916,2021-01-06 00:02:00,2021-01-06 00:02:00,US-NJ-009,Sanderling,sander,Nummy Island,L211914,39.0365891,-74.7912741,1,Cape May,2021-02-06 08:30:00,2.556,2021-02-06 20:48:00,1.9369999999999998,2021-02-06 15:06:00,0.9790000000000001,2021-02-06 01:48:00,0.914
L11790700-2021-02-06 10:13S80510641,2021-01-06 00:02:00,2021-01-06 00:02:00,US-NJ-009,Sanderling,sander,"Shadeland Beach Access Bay Drive, Villas, New Jersey, US (39.009, -74.951)",L11790700,39.0089672,-74.9508257,2,Cape May,2021-02-06 08:30:00,2.556,2021-02-06 20:48:00,1.9369999999999998,2021-02-06 15:06:00,0.9790000000000001,2021-02-06 01:48:00,0.914
L211914-2021-02-28 13:31S82514806,2021-01-28 00:02:00,2021-01-28 00:02:00,US-NJ-009,Dunlin,dunlin,Nummy Island,L211914,39.0365891,-74.7912741,80,Cape May,2021-02-28 14:12:00,2.595,2021-02-28 01:54:00,2.379,2021-02-28 20:06:00,0.685,2021-02-28 07:36:00,0.5820000000000001
L211826-2021-02-27 17:20S82475086,2021-01-27 00:02:00,2021-01-27 00:02:00,US-NJ-009,Dunlin,dunlin,Jake's Landing,L211826,39.1795653,-74.8510244,500,Cape May,2021-02-27 13:30:00,2.69,2021-02-27 00:54:00,2.195,2021-02-27 19:30:00,0.722,2021-02-27 06:48:00,0.617
L109136-2021-02-27 16:50S82458120,2021-01-27 00:02:00,2021-01-27 00:02:00,US-NJ-009,Dunlin,dunlin,Cape Island--South Cape May Meadows (SCMM),L109136,38.9359287,-74.9434519,1,Cape May,2021-02-27 13:30:00,2.69,2021-02-27 00:54:00,2.195,2021-02-27 19:30:00,0.722,2021-02-27 06:48:00,0.617
L13858304-2021-02-27 15:00S82447142,2021-01-27 00:02:00,2021-01-27 00:02:00,US-NJ-009,Dunlin,dunlin,"Wildwood Public Beach, Cape May US-NJ (38.9848,-74.8054)",L13858304,38.984838,-74.805419,600,Cape May,2021-02-27 13:30:00,2.69,2021-02-27 00:54:00,2.195,2021-02-27 19:30:00,0.722,2021-02-27 06:48:00,0.617
L589790-2021-02-27 12:16S82438682,2021-01-27 00:02:00,2021-01-27 00:02:00,US-NJ-009,Dunlin,dunlin,Corson's Inlet SP,L589790,39.2167774,-74.6462631,3,Cape May,2021-02-27 13:30:00,2.69,2021-02-27 00:54:00,2.195,2021-02-27 19:30:00,0.722,2021-02-27 06:48:00,0.617
L13783978-2021-02-23 07:35S82199396,2021-01-23 00:02:00,2021-01-23 00:02:00,US-NJ-009,Dunlin,dunlin,Ocean City — Peck Beach,L13783978,39.2461602,-74.6130227,65,Cape May,2021-02-23 10:12:00,2.349,2021-02-23 22:36:00,1.859,2021-02-23 16:36:00,1.044,2021-02-23 03:42:00,0.97
L13797420-2021-02-21 17:08S82111340,2021-01-21 00:02:00,2021-01-21 00:02:00,US-NJ-009,Dunlin,dunlin,"Auto selected 39.08060, -74.72922",L13797420,39.080595,-74.729224,100,Cape May,2021-02-21 08:06:00,2.0980000000000003,2021-02-21 20:36:00,1.896,2021-02-21 14:36:00,1.148,2021-02-21 02:00:00,1.013
L715654-2021-02-21 12:50S82107706,2021-01-21 00:02:00,2021-01-21 00:02:00,US-NJ-009,Dunlin,dunlin,Avalon Dunes (30th-60th streets),L715654,39.0852745,-74.7276226,34,Cape May,2021-02-21 08:06:00,2.0980000000000003,2021-02-21 20:36:00,1.896,2021-02-21 14:36:00,1.148,2021-02-21 02:00:00,1.013
L13718083-2021-02-14 15:10S81703166,2021-01-14 00:02:00,2021-01-14 00:02:00,US-NJ-009,Dunlin,dunlin,"Shelter Haven lagoon, Stone Harbor, NJ",L13718083,39.0549506,-74.7624629,40,Cape May,2021-02-14 15:12:00,2.608,2021-02-14 03:00:00,2.5340000000000003,2021-02-14 08:42:00,1.104,2021-02-14 21:30:00,0.993
L12438477-2021-02-12 14:42S80970414,2021-01-12 00:02:00,2021-01-12 00:02:00,US-NJ-009,Dunlin,dunlin,"Peck's Beach, Ocean City",L12438477,39.2360295,-74.6231214,6,Cape May,2021-02-12 14:06:00,2.59,2021-02-12 01:42:00,2.266,2021-02-12 20:12:00,0.782,2021-02-12 07:18:00,0.7559999999999999
L285931-2021-02-11 09:23S80802833,2021-01-11 00:02:00,2021-01-11 00:02:00,US-NJ-009,Dunlin,dunlin,Tuckahoe WMA (Cape May Co.),L285931,39.2855132,-74.7241616,6,Cape May,2021-02-11 13:24:00,2.74,2021-02-11 00:54:00,2.173,2021-02-11 19:36:00,0.883,2021-02-11 06:30:00,0.753
L592872-2021-02-08 10:33S80645066,2021-01-08 00:02:00,2021-01-08 00:02:00,US-NJ-009,Dunlin,dunlin,Ocean Drive--Two Mile Landing,L592872,38.9595423,-74.866333,1,Cape May,2021-02-08 10:36:00,2.485,2021-02-08 23:12:00,2.189,2021-02-08 17:06:00,0.9259999999999999,2021-02-08 04:36:00,0.963
L13516032-2021-02-07 09:31S80576895,2021-01-07 00:02:00,2021-01-07 00:02:00,US-NJ-009,Dunlin,dunlin,"Millman Blvd, Cape May US-NJ 39.05036, -74.92732",L13516032,39.050362,-74.927323,20,Cape May,2021-02-07 09:30:00,2.468,2021-02-07 22:30:00,2.25,2021-02-07 15:30:00,1.032,2021-02-07 02:42:00,0.6409999999999999
L267764-2021-02-06 15:53S80547201,2021-01-06 00:02:00,2021-01-06 00:02:00,US-NJ-009,Dunlin,dunlin,Cape Island--Sunset Beach/Concrete Ship,L267764,38.9445079,-74.9704993,1,Cape May,2021-02-06 08:30:00,2.556,2021-02-06 20:48:00,1.9369999999999998,2021-02-06 15:06:00,0.9790000000000001,2021-02-06 01:48:00,0.914
L109135-2021-02-06 09:05S80515799,2021-01-06 00:02:00,2021-01-06 00:02:00,US-NJ-009,Dunlin,dunlin,Cape Island--Higbee Beach WMA,L109135,38.9613889,-74.9608333,18,Cape May,2021-02-06 08:30:00,2.556,2021-02-06 20:48:00,1.9369999999999998,2021-02-06 15:06:00,0.9790000000000001,2021-02-06 01:48:00,0.914
L13501746-2021-02-06 08:46S80503435,2021-01-06 00:02:00,2021-01-06 00:02:00,US-NJ-009,Dunlin,dunlin,"1108 Landis Ave, Sea Isle City US-NJ 39.17514, -74.67651",L13501746,39.175137,-74.676514,3,Cape May,2021-02-06 08:30:00,2.556,2021-02-06 20:48:00,1.9369999999999998,2021-02-06 15:06:00,0.9790000000000001,2021-02-06 01:48:00,0.914
L10643724-2021-02-27 15:54S82451679,2021-01-27 00:02:00,2021-01-27 00:02:00,US-NJ-009,Purple Sandpiper,pursan,North Wildwood--2nd Ave seawall,L10643724,39.0016986,-74.7867036,15,Cape May,2021-02-27 13:30:00,2.69,2021-02-27 00:54:00,2.195,2021-02-27 19:30:00,0.722,2021-02-27 06:48:00,0.617
L904314-2021-02-21 17:52S82150845,2021-01-21 00:02:00,2021-01-21 00:02:00,US-NJ-009,Purple Sandpiper,pursan,Cold Spring Inlet (Cape May Harbor mouth),L904314,38.9391833,-74.8659039,1,Cape May,2021-02-21 08:06:00,2.0980000000000003,2021-02-21 20:36:00,1.896,2021-02-21 14:36:00,1.148,2021-02-21 02:00:00,1.013
L673585-2021-02-20 12:45S82008565,2021-01-20 00:02:00,2021-01-20 00:02:00,US-NJ-009,Purple Sandpiper,pursan,Avalon--8th St. Jetty (Avalon Seawatch 2015-present),L673585,39.1072112,-74.7053629,2,Cape May,2021-02-20 07:12:00,2.428,2021-02-20 19:36:00,2.013,2021-02-20 01:00:00,1.4480000000000002,2021-02-20 13:06:00,1.3159999999999998
L109134-2021-02-09 17:15S80732937,2021-01-09 00:02:00,2021-01-09 00:02:00,US-NJ-009,Purple Sandpiper,pursan,North Wildwood--Hereford Inlet/Seawall,L109134,39.0119444,-74.7925,1,Cape May,2021-02-09 11:24:00,2.576,2021-02-09 23:36:00,2.169,2021-02-09 17:54:00,0.841,2021-02-09 04:48:00,0.828
L715654-2021-02-21 12:50S82107706,2021-01-21 00:02:00,2021-01-21 00:02:00,US-NJ-009,Western Sandpiper,wessan,Avalon Dunes (30th-60th streets),L715654,39.0852745,-74.7276226,1,Cape May,2021-02-21 08:06:00,2.0980000000000003,2021-02-21 20:36:00,1.896,2021-02-21 14:36:00,1.148,2021-02-21 02:00:00,1.013
L211914-2021-02-20 13:21S82028509,2021-01-20 00:02:00,2021-01-20 00:02:00,US-NJ-009,Western Sandpiper,wessan,Nummy Island,L211914,39.0365891,-74.7912741,4,Cape May,2021-02-20 07:12:00,2.428,2021-02-20 19:36:00,2.013,2021-02-20 01:00:00,1.4480000000000002,2021-02-20 13:06:00,1.3159999999999998
L714449-2021-02-06 11:40S80516863,2021-01-06 00:02:00,2021-01-06 00:02:00,US-NJ-009,Western Sandpiper,wessan,Villas--Miami Ave. beach,L714449,39.0373447,-74.9368429,4,Cape May,2021-02-06 08:30:00,2.556,2021-02-06 20:48:00,1.9369999999999998,2021-02-06 15:06:00,0.9790000000000001,2021-02-06 01:48:00,0.914
L797395-2021-02-27 09:41S82420511,2021-01-27 00:02:00,2021-01-27 00:02:00,US-NJ-009,Spotted Sandpiper,sposan,Cape Island--Higbee Beach WMA--Magnesite Plant,L797395,38.9439941,-74.9661219,1,Cape May,2021-02-27 13:30:00,2.69,2021-02-27 00:54:00,2.195,2021-02-27 19:30:00,0.722,2021-02-27 06:48:00,0.617
L574770-2021-02-26 14:29S82380067,2021-01-26 00:02:00,2021-01-26 00:02:00,US-NJ-009,Spotted Sandpiper,sposan,Cape Island--Pond Creek & Marsh,L574770,38.948429,-74.9610472,1,Cape May,2021-02-26 12:42:00,2.414,2021-02-26 00:00:00,2.128,2021-02-26 18:48:00,0.72,2021-02-26 06:00:00,0.5760000000000001
L109135-2021-02-23 09:29S82223672,2021-01-23 00:02:00,2021-01-23 00:02:00,US-NJ-009,Spotted Sandpiper,sposan,Cape Island--Higbee Beach WMA,L109135,38.9613889,-74.9608333,1,Cape May,2021-02-23 10:12:00,2.349,2021-02-23 22:36:00,1.859,2021-02-23 16:36:00,1.044,2021-02-23 03:42:00,0.97
L211826-2021-02-27 17:20S82475086,2021-01-27 00:02:00,2021-01-27 00:02:00,US-NJ-009,Greater Yellowlegs,greyel,Jake's Landing,L211826,39.1795653,-74.8510244,2,Cape May,2021-02-27 13:30:00,2.69,2021-02-27 00:54:00,2.195,2021-02-27 19:30:00,0.722,2021-02-27 06:48:00,0.617
L197073-2021-02-27 13:04S82459766,2021-01-27 00:02:00,2021-01-27 00:02:00,US-NJ-009,Greater Yellowlegs,greyel,Stone Harbor Point,L197073,39.0317999,-74.7723111,3,Cape May,2021-02-27 13:30:00,2.69,2021-02-27 00:54:00,2.195,2021-02-27 19:30:00,0.722,2021-02-27 06:48:00,0.617
L285931-2021-02-26 11:20S82374827,2021-01-26 00:02:00,2021-01-26 00:02:00,US-NJ-009,Greater Yellowlegs,greyel,Tuckahoe WMA (Cape May Co.),L285931,39.2855132,-74.7241616,1,Cape May,2021-02-26 12:42:00,2.414,2021-02-26 00:00:00,2.128,2021-02-26 18:48:00,0.72,2021-02-26 06:00:00,0.5760000000000001
L1300483-2021-02-24 13:25S82290166,2021-01-24 00:02:00,2021-01-24 00:02:00,US-NJ-009,Greater Yellowlegs,greyel,Cape May NWR--Two Mile Unit,L1300483,38.9518672,-74.8578212,4,Cape May,2021-02-24 11:12:00,2.407,2021-02-24 23:42:00,2.053,2021-02-24 17:24:00,0.8859999999999999,2021-02-24 04:24:00,0.8809999999999999
L12188514-2021-02-24 12:37S82274822,2021-01-24 00:02:00,2021-01-24 00:02:00,US-NJ-009,Greater Yellowlegs,greyel,"Corson's Inlet State Park, Ocean City",L12188514,39.2163007,-74.64615,6,Cape May,2021-02-24 11:12:00,2.407,2021-02-24 23:42:00,2.053,2021-02-24 17:24:00,0.8859999999999999,2021-02-24 04:24:00,0.8809999999999999
L13825843-2021-02-24 12:14S82272740,2021-01-24 00:02:00,2021-01-24 00:02:00,US-NJ-009,Greater Yellowlegs,greyel,"Cape May Point State Park, Cape May US-NJ 38.93260, -74.95926",L13825843,38.932602,-74.959264,2,Cape May,2021-02-24 11:12:00,2.407,2021-02-24 23:42:00,2.053,2021-02-24 17:24:00,0.8859999999999999,2021-02-24 04:24:00,0.8809999999999999
L129879-2021-02-24 08:47S82257666,2021-01-24 00:02:00,2021-01-24 00:02:00,US-NJ-009,Greater Yellowlegs,greyel,Cape Island--The Beanery/Rea Farm,L129879,38.9462395,-74.9412079,1,Cape May,2021-02-24 11:12:00,2.407,2021-02-24 23:42:00,2.053,2021-02-24 17:24:00,0.8859999999999999,2021-02-24 04:24:00,0.8809999999999999
L276107-2021-02-23 11:27S82209702,2021-01-23 00:02:00,2021-01-23 00:02:00,US-NJ-009,Greater Yellowlegs,greyel,Cape Island--CMP (Cape May Point),L276107,38.9377865,-74.9670721,2,Cape May,2021-02-23 10:12:00,2.349,2021-02-23 22:36:00,1.859,2021-02-23 16:36:00,1.044,2021-02-23 03:42:00,0.97
L13789746-2021-02-21 10:41S82074470,2021-01-21 00:02:00,2021-01-21 00:02:00,US-NJ-009,Greater Yellowlegs,greyel,"Ocean Dr, Wildwood US-NJ 38.95701, -74.86125",L13789746,38.957009,-74.861246,2,Cape May,2021-02-21 08:06:00,2.0980000000000003,2021-02-21 20:36:00,1.896,2021-02-21 14:36:00,1.148,2021-02-21 02:00:00,1.013
L211914-2021-02-20 13:21S82028509,2021-01-20 00:02:00,2021-01-20 00:02:00,US-NJ-009,Greater Yellowlegs,greyel,Nummy Island,L211914,39.0365891,-74.7912741,8,Cape May,2021-02-20 07:12:00,2.428,2021-02-20 19:36:00,2.013,2021-02-20 01:00:00,1.4480000000000002,2021-02-20 13:06:00,1.3159999999999998
L2164411-2021-02-14 09:45S81369307,2021-01-14 00:02:00,2021-01-14 00:02:00,US-NJ-009,Greater Yellowlegs,greyel,Cape Island--Beach Plum Farm (restricted access),L2164411,38.9460927,-74.9493313,1,Cape May,2021-02-14 15:12:00,2.608,2021-02-14 03:00:00,2.5340000000000003,2021-02-14 08:42:00,1.104,2021-02-14 21:30:00,0.993
L2826655-2021-02-14 09:14S81373836,2021-01-14 00:02:00,2021-01-14 00:02:00,US-NJ-009,Greater Yellowlegs,greyel,Dennis Creek WMA--Conswell Road,L2826655,39.0696486,-74.9066,2,Cape May,2021-02-14 15:12:00,2.608,2021-02-14 03:00:00,2.5340000000000003,2021-02-14 08:42:00,1.104,2021-02-14 21:30:00,0.993
L13631046-2021-02-12 17:26S81199988,2021-01-12 00:02:00,2021-01-12 00:02:00,US-NJ-009,Greater Yellowlegs,greyel,"791 Stone Harbor Blvd, Cape May Court House US-NJ 39.06914, -74.78874",L13631046,39.069143,-74.788735,1,Cape May,2021-02-12 14:06:00,2.59,2021-02-12 01:42:00,2.266,2021-02-12 20:12:00,0.782,2021-02-12 07:18:00,0.7559999999999999
L2333084-2021-02-09 11:20S80717346,2021-01-09 00:02:00,2021-01-09 00:02:00,US-NJ-009,Greater Yellowlegs,greyel,E Woodland Ave Yard,L2333084,39.096409,-74.8694412,1,Cape May,2021-02-09 11:24:00,2.576,2021-02-09 23:36:00,2.169,2021-02-09 17:54:00,0.841,2021-02-09 04:48:00,0.828
L592872-2021-02-08 10:33S80645066,2021-01-08 00:02:00,2021-01-08 00:02:00,US-NJ-009,Greater Yellowlegs,greyel,Ocean Drive--Two Mile Landing,L592872,38.9595423,-74.866333,3,Cape May,2021-02-08 10:36:00,2.485,2021-02-08 23:12:00,2.189,2021-02-08 17:06:00,0.9259999999999999,2021-02-08 04:36:00,0.963
L1874084-2021-02-08 09:51S80648157,2021-01-08 00:02:00,2021-01-08 00:02:00,US-NJ-009,Greater Yellowlegs,greyel,Cape Island WMA--Pumphouse Trail,L1874084,38.968518,-74.914409,2,Cape May,2021-02-08 10:36:00,2.485,2021-02-08 23:12:00,2.189,2021-02-08 17:06:00,0.9259999999999999,2021-02-08 04:36:00,0.963
L13502694-2021-02-06 10:01S80508551,2021-01-06 00:02:00,2021-01-06 00:02:00,US-NJ-009,Greater Yellowlegs,greyel,"5300 Ocean Dr, Avalon US-NJ 39.08125, -74.73856",L13502694,39.081248,-74.738559,2,Cape May,2021-02-06 08:30:00,2.556,2021-02-06 20:48:00,1.9369999999999998,2021-02-06 15:06:00,0.9790000000000001,2021-02-06 01:48:00,0.914
L109132-2021-02-27 11:45S82438442,2021-01-27 00:02:00,2021-01-27 00:02:00,US-NJ-009,Lesser Yellowlegs,lesyel,Cape Island--Cape May Point SP (CMPSP),L109132,38.9338272,-74.9550854,1,Cape May,2021-02-27 13:30:00,2.69,2021-02-27 00:54:00,2.195,2021-02-27 19:30:00,0.722,2021-02-27 06:48:00,0.617
L470629-2021-02-09 11:30S80728318,2021-01-09 00:02:00,2021-01-09 00:02:00,US-NJ-011,Sanderling,sander,Fortescue Beach,L470629,39.2232108,-75.1667404,1,Cumberland,2021-02-09 13:00:00,7.664,2021-02-09 00:48:00,7.307,2021-02-09 20:06:00,5.681,2021-02-09 06:54:00,5.707000000000001
L470629-2021-02-09 11:30S80728318,2021-01-09 00:02:00,2021-01-09 00:02:00,US-NJ-011,Dunlin,dunlin,Fortescue Beach,L470629,39.2232108,-75.1667404,17,Cumberland,2021-02-09 13:00:00,7.664,2021-02-09 00:48:00,7.307,2021-02-09 20:06:00,5.681,2021-02-09 06:54:00,5.707000000000001
L470628-2021-02-21 16:43S82140826,2021-01-21 00:02:00,2021-01-21 00:02:00,US-NJ-011,Greater Yellowlegs,greyel,Thompson's Beach and Road,L470628,39.1928839,-74.9945641,5,Cumberland,2021-02-21 09:42:00,7.001,2021-02-21 22:00:00,6.9639999999999995,2021-02-21 16:12:00,5.861000000000001,2021-02-21 03:42:00,5.67
L471840-2021-02-06 13:41S80527452,2021-01-06 00:02:00,2021-01-06 00:02:00,US-NJ-011,Greater Yellowlegs,greyel,Moore's Beach and Road,L471840,39.189,-74.95,4,Cumberland,2021-02-06 10:06:00,7.607,2021-02-06 22:18:00,7.016,2021-02-06 17:12:00,5.822,2021-02-06 03:48:00,5.715
L288909-2021-02-15 08:48S81548082,2021-01-15 00:02:00,2021-01-15 00:02:00,US-NJ-025,Black-bellied Plover,bkbplo,Wreck Pond,L288909,40.1406097,-74.0303025,4,Monmouth,2021-02-15 15:42:00,2.525,2021-02-15 02:54:00,2.41,2021-02-15 09:00:00,1.045,2021-02-15 21:30:00,1.087
L10874116-2021-02-13 10:12S81130206,2021-01-13 00:02:00,2021-01-13 00:02:00,US-NJ-025,Black-bellied Plover,bkbplo,"Sandy Hook--Lot I, Proving Grounds, and North Beach Pavillion",L10874116,40.4670489,-73.9983956,5,Monmouth,2021-02-13 14:06:00,2.517,2021-02-13 01:42:00,2.309,2021-02-13 07:48:00,0.8290000000000001,2021-02-13 20:12:00,0.8340000000000001
L13609945-2021-02-12 15:45S81078642,2021-01-12 00:02:00,2021-01-12 00:02:00,US-NJ-025,Black-bellied Plover,bkbplo,Sandy Hook,L13609945,40.4768989,-74.0179878,3,Monmouth,2021-02-12 13:24:00,2.454,2021-02-12 01:00:00,2.366,2021-02-12 07:12:00,0.727,2021-02-12 19:36:00,0.638
L11232440-2021-02-28 09:44S82493383,2021-01-28 00:02:00,2021-01-28 00:02:00,US-NJ-025,Killdeer,killde,Reeds Sod Farm--Allentown Lakewood Rd,L11232440,40.170647,-74.5591232,2,Monmouth,2021-02-28 13:36:00,2.549,2021-02-28 00:54:00,2.5140000000000002,2021-02-28 07:30:00,0.722,2021-02-28 19:54:00,0.598
L13870292-2021-02-28 08:05S82508657,2021-01-28 00:02:00,2021-01-28 00:02:00,US-NJ-025,Killdeer,killde,"Sandy Hook Beach, Highlands US-NJ 40.40674, -73.97835",L13870292,40.406741,-73.978352,2,Monmouth,2021-02-28 13:36:00,2.549,2021-02-28 00:54:00,2.5140000000000002,2021-02-28 07:30:00,0.722,2021-02-28 19:54:00,0.598
L242130-2021-02-28 07:10S82531532,2021-01-28 00:02:00,2021-01-28 00:02:00,US-NJ-025,Killdeer,killde,Manasquan Reservoir IBA,L242130,40.1789389,-74.2084408,5,Monmouth,2021-02-28 13:36:00,2.549,2021-02-28 00:54:00,2.5140000000000002,2021-02-28 07:30:00,0.722,2021-02-28 19:54:00,0.598
L13835714-2021-02-25 12:16S82327807,2021-01-25 00:02:00,2021-01-25 00:02:00,US-NJ-025,Killdeer,killde,"Thompson Park, Lincroft US-NJ 40.33429, -74.15274",L13835714,40.334285,-74.152745,1,Monmouth,2021-02-25 10:24:00,2.319,2021-02-25 23:54:00,2.094,2021-02-25 04:54:00,0.9740000000000001,2021-02-25 17:48:00,0.68
L13698497-2021-02-24 08:56S82257393,2021-01-24 00:02:00,2021-01-24 00:02:00,US-NJ-025,Killdeer,killde,"800 Monmouth Boulevard, Wall Township, New Jersey, US (40.185, -74.064)",L13698497,40.1847119,-74.064113,1,Monmouth,2021-02-24 10:18:00,2.233,2021-02-24 23:12:00,2.115,2021-02-24 03:54:00,0.992,2021-02-24 16:48:00,0.794
L6144907-2021-02-21 22:20S82130104,2021-01-21 00:02:00,2021-01-21 00:02:00,US-NJ-025,Killdeer,killde,Fletcher Lake,L6144907,40.2081146,-74.0066099,1,Monmouth,2021-02-21 07:24:00,2.055,2021-02-21 20:06:00,1.885,2021-02-21 13:42:00,1.13,2021-02-21 01:06:00,1.11
L10797544-2021-02-20 12:50S82017392,2021-01-20 00:02:00,2021-01-20 00:02:00,US-NJ-025,Killdeer,killde,"Mallard Park, South Potter Avenue, Manasquan",L10797544,40.1136985,-74.0418751,2,Monmouth,2021-02-20 06:24:00,2.459,2021-02-20 19:30:00,1.931,2021-02-20 00:48:00,1.5430000000000001,2021-02-20 12:48:00,1.304
L13838873-2021-02-25 15:00S82346187,2021-01-25 00:02:00,2021-01-25 00:02:00,US-NJ-025,Sanderling,sander,Sandy Hook Seaside,L13838873,40.4256081,-73.9827884,20,Monmouth,2021-02-25 10:24:00,2.319,2021-02-25 23:54:00,2.094,2021-02-25 04:54:00,0.9740000000000001,2021-02-25 17:48:00,0.68
L10874116-2021-02-24 15:39S82280495,2021-01-24 00:02:00,2021-01-24 00:02:00,US-NJ-025,Sanderling,sander,"Sandy Hook--Lot I, Proving Grounds, and North Beach Pavillion",L10874116,40.4670489,-73.9983956,85,Monmouth,2021-02-24 10:18:00,2.233,2021-02-24 23:12:00,2.115,2021-02-24 03:54:00,0.992,2021-02-24 16:48:00,0.794
L13826631-2021-02-24 12:05S82276962,2021-01-24 00:02:00,2021-01-24 00:02:00,US-NJ-025,Sanderling,sander,"29 Inlet Dr, Manasquan US-NJ 40.10330, -74.03641",L13826631,40.103298,-74.036405,20,Monmouth,2021-02-24 10:18:00,2.233,2021-02-24 23:12:00,2.115,2021-02-24 03:54:00,0.992,2021-02-24 16:48:00,0.794
L13114649-2021-02-24 11:26S82266672,2021-01-24 00:02:00,2021-01-24 00:02:00,US-NJ-025,Sanderling,sander,Manasquan Inlet (Monmouth Co.),L13114649,40.1036019,-74.0349317,11,Monmouth,2021-02-24 10:18:00,2.233,2021-02-24 23:12:00,2.115,2021-02-24 03:54:00,0.992,2021-02-24 16:48:00,0.794
L10907285-2021-02-23 14:30S82258903,2021-01-23 00:02:00,2021-01-23 00:02:00,US-NJ-025,Sanderling,sander,Atlantic Highlands Marina,L10907285,40.417036,-74.0349911,6,Monmouth,2021-02-23 09:36:00,2.24,2021-02-23 22:06:00,1.989,2021-02-23 02:24:00,1.1340000000000001,2021-02-23 15:54:00,1.037
L339208-2021-02-23 12:30S82220294,2021-01-23 00:02:00,2021-01-23 00:02:00,US-NJ-025,Sanderling,sander,Lake Como,L339208,40.1672376,-74.0225058,14,Monmouth,2021-02-23 09:36:00,2.24,2021-02-23 22:06:00,1.989,2021-02-23 02:24:00,1.1340000000000001,2021-02-23 15:54:00,1.037
L2445730-2021-02-23 12:00S82258371,2021-01-23 00:02:00,2021-01-23 00:02:00,US-NJ-025,Sanderling,sander,Sandy Hook--C Lot & Beach,L2445730,40.4173516,-73.9810753,2,Monmouth,2021-02-23 09:36:00,2.24,2021-02-23 22:06:00,1.989,2021-02-23 02:24:00,1.1340000000000001,2021-02-23 15:54:00,1.037
L1103086-2021-02-23 11:15S82257981,2021-01-23 00:02:00,2021-01-23 00:02:00,US-NJ-025,Sanderling,sander,Sandy Hook--South Beach area,L1103086,40.4063521,-73.9757538,1,Monmouth,2021-02-23 09:36:00,2.24,2021-02-23 22:06:00,1.989,2021-02-23 02:24:00,1.1340000000000001,2021-02-23 15:54:00,1.037
L752584-2021-02-22 12:18S82159030,2021-01-22 00:02:00,2021-01-22 00:02:00,US-NJ-025,Sanderling,sander,Shark River Inlet,L752584,40.1871294,-74.0080422,1,Monmouth,2021-02-22 08:00:00,2.174,2021-02-22 20:54:00,2.14,2021-02-22 15:30:00,1.21,2021-02-22 02:06:00,1.176
L13795010-2021-02-21 12:36S82099943,2021-01-21 00:02:00,2021-01-21 00:02:00,US-NJ-025,Sanderling,sander,"Sandy Hook Beach, Atlantic Highlands US-NJ 40.45938, -74.00532",L13795010,40.459385,-74.005317,7,Monmouth,2021-02-21 07:24:00,2.055,2021-02-21 20:06:00,1.885,2021-02-21 13:42:00,1.13,2021-02-21 01:06:00,1.11
L1041187-2021-02-21 10:30S82099147,2021-01-21 00:02:00,2021-01-21 00:02:00,US-NJ-025,Sanderling,sander,Sandy Hook--Spermaceti Cove area,L1041187,40.4259441,-73.9882851,8,Monmouth,2021-02-21 07:24:00,2.055,2021-02-21 20:06:00,1.885,2021-02-21 13:42:00,1.13,2021-02-21 01:06:00,1.11
L13696643-2021-02-15 10:00S81576437,2021-01-15 00:02:00,2021-01-15 00:02:00,US-NJ-025,Sanderling,sander,Belmar Beach,L13696643,40.1708787,-74.0152066,10,Monmouth,2021-02-15 15:42:00,2.525,2021-02-15 02:54:00,2.41,2021-02-15 09:00:00,1.045,2021-02-15 21:30:00,1.087
L475851-2021-02-15 09:08S81564336,2021-01-15 00:02:00,2021-01-15 00:02:00,US-NJ-025,Sanderling,sander,Sandy Hook--E & D Lot Beaches,L475851,40.4295703,-73.9841652,3,Monmouth,2021-02-15 15:42:00,2.525,2021-02-15 02:54:00,2.41,2021-02-15 09:00:00,1.045,2021-02-15 21:30:00,1.087
L13440177-2021-02-14 17:02S81720875,2021-01-14 00:02:00,2021-01-14 00:02:00,US-NJ-025,Sanderling,sander,"Seven Presidents Oceanfront Park, Long Branch US-NJ 40.31667, -73.97783",L13440177,40.316672,-73.977827,20,Monmouth,2021-02-14 14:48:00,2.532,2021-02-14 02:36:00,2.495,2021-02-14 08:18:00,1.0590000000000002,2021-02-14 20:48:00,0.9179999999999999
L656787-2021-02-12 11:17S80917592,2021-01-12 00:02:00,2021-01-12 00:02:00,US-NJ-025,Sanderling,sander,Deal--Clem Conover Rd.,L656787,40.2468923,-73.9923835,6,Monmouth,2021-02-12 13:24:00,2.454,2021-02-12 01:00:00,2.366,2021-02-12 07:12:00,0.727,2021-02-12 19:36:00,0.638
L715391-2021-02-11 12:20S80815163,2021-01-11 00:02:00,2021-01-11 00:02:00,US-NJ-025,Sanderling,sander,Sandy Hook--Horseshoe Cove area,L715391,40.4466531,-73.9968252,4,Monmouth,2021-02-11 12:30:00,2.639,2021-02-11 00:18:00,2.344,2021-02-11 06:12:00,0.894,2021-02-11 18:54:00,0.682
L7939203-2021-02-06 13:00S80601654,2021-01-06 00:02:00,2021-01-06 00:02:00,US-NJ-025,Sanderling,sander,Sandy Hook North End,L7939203,40.473646,-74.0148707,4,Monmouth,2021-02-06 07:12:00,2.359,2021-02-06 20:06:00,1.9669999999999999,2021-02-06 14:48:00,0.9009999999999999,2021-02-06 01:12:00,1.1540000000000001
L13509024-2021-02-06 11:35S80540306,2021-01-06 00:02:00,2021-01-06 00:02:00,US-NJ-025,Sanderling,sander,"186 Ocean Avenue, Spring Lake, New Jersey, US (40.139, -74.026)",L13509024,40.139276,-74.0258648,1,Monmouth,2021-02-06 07:12:00,2.359,2021-02-06 20:06:00,1.9669999999999999,2021-02-06 14:48:00,0.9009999999999999,2021-02-06 01:12:00,1.1540000000000001
L13511785-2021-02-06 11:32S80553985,2021-01-06 00:02:00,2021-01-06 00:02:00,US-NJ-025,Sanderling,sander,"2–98 Ocean Ave, Spring Lake US-NJ 40.13928, -74.02584",L13511785,40.139282,-74.025841,11,Monmouth,2021-02-06 07:12:00,2.359,2021-02-06 20:06:00,1.9669999999999999,2021-02-06 14:48:00,0.9009999999999999,2021-02-06 01:12:00,1.1540000000000001
L13621770-2021-02-06 03:26S81148156,2021-01-06 00:02:00,2021-01-06 00:02:00,US-NJ-025,Sanderling,sander,"100 Ocean Avenue, Belmar, New Jersey, US (40.187, -74.008)",L13621770,40.1865106,-74.0075101,5,Monmouth,2021-02-06 07:12:00,2.359,2021-02-06 20:06:00,1.9669999999999999,2021-02-06 14:48:00,0.9009999999999999,2021-02-06 01:12:00,1.1540000000000001
L13114649-2021-02-24 11:26S82266672,2021-01-24 00:02:00,2021-01-24 00:02:00,US-NJ-025,Dunlin,dunlin,Manasquan Inlet (Monmouth Co.),L13114649,40.1036019,-74.0349317,11,Monmouth,2021-02-24 10:18:00,2.233,2021-02-24 23:12:00,2.115,2021-02-24 03:54:00,0.992,2021-02-24 16:48:00,0.794
L197353-2021-02-24 11:13S82289955,2021-01-24 00:02:00,2021-01-24 00:02:00,US-NJ-025,Dunlin,dunlin,Sandy Hook,L197353,40.4392518,-73.9869263,6,Monmouth,2021-02-24 10:18:00,2.233,2021-02-24 23:12:00,2.115,2021-02-24 03:54:00,0.992,2021-02-24 16:48:00,0.794
L10854077-2021-02-14 19:54S81505295,2021-01-14 00:02:00,2021-01-14 00:02:00,US-NJ-025,Dunlin,dunlin,Belmar Beachfront,L10854077,40.1768142,-74.0134642,3,Monmouth,2021-02-14 14:48:00,2.532,2021-02-14 02:36:00,2.495,2021-02-14 08:18:00,1.0590000000000002,2021-02-14 20:48:00,0.9179999999999999
L13509024-2021-02-06 11:35S80540306,2021-01-06 00:02:00,2021-01-06 00:02:00,US-NJ-025,Dunlin,dunlin,"186 Ocean Avenue, Spring Lake, New Jersey, US (40.139, -74.026)",L13509024,40.139276,-74.0258648,1,Monmouth,2021-02-06 07:12:00,2.359,2021-02-06 20:06:00,1.9669999999999999,2021-02-06 14:48:00,0.9009999999999999,2021-02-06 01:12:00,1.1540000000000001
L13511785-2021-02-06 11:32S80553985,2021-01-06 00:02:00,2021-01-06 00:02:00,US-NJ-025,Dunlin,dunlin,"2–98 Ocean Ave, Spring Lake US-NJ 40.13928, -74.02584",L13511785,40.139282,-74.025841,1,Monmouth,2021-02-06 07:12:00,2.359,2021-02-06 20:06:00,1.9669999999999999,2021-02-06 14:48:00,0.9009999999999999,2021-02-06 01:12:00,1.1540000000000001
L752584-2021-02-06 08:30S80521053,2021-01-06 00:02:00,2021-01-06 00:02:00,US-NJ-025,Dunlin,dunlin,Shark River Inlet,L752584,40.1871294,-74.0080422,1,Monmouth,2021-02-06 07:12:00,2.359,2021-02-06 20:06:00,1.9669999999999999,2021-02-06 14:48:00,0.9009999999999999,2021-02-06 01:12:00,1.1540000000000001
L13826631-2021-02-24 12:05S82276962,2021-01-24 00:02:00,2021-01-24 00:02:00,US-NJ-025,Purple Sandpiper,pursan,"29 Inlet Dr, Manasquan US-NJ 40.10330, -74.03641",L13826631,40.103298,-74.036405,3,Monmouth,2021-02-24 10:18:00,2.233,2021-02-24 23:12:00,2.115,2021-02-24 03:54:00,0.992,2021-02-24 16:48:00,0.794
L13114649-2021-02-24 11:26S82266672,2021-01-24 00:02:00,2021-01-24 00:02:00,US-NJ-025,Purple Sandpiper,pursan,Manasquan Inlet (Monmouth Co.),L13114649,40.1036019,-74.0349317,1,Monmouth,2021-02-24 10:18:00,2.233,2021-02-24 23:12:00,2.115,2021-02-24 03:54:00,0.992,2021-02-24 16:48:00,0.794
L752584-2021-02-23 11:45S82221315,2021-01-23 00:02:00,2021-01-23 00:02:00,US-NJ-025,Purple Sandpiper,pursan,Shark River Inlet,L752584,40.1871294,-74.0080422,5,Monmouth,2021-02-23 09:36:00,2.24,2021-02-23 22:06:00,1.989,2021-02-23 02:24:00,1.1340000000000001,2021-02-23 15:54:00,1.037
L13509024-2021-02-06 11:35S80540306,2021-01-06 00:02:00,2021-01-06 00:02:00,US-NJ-025,Purple Sandpiper,pursan,"186 Ocean Avenue, Spring Lake, New Jersey, US (40.139, -74.026)",L13509024,40.139276,-74.0258648,1,Monmouth,2021-02-06 07:12:00,2.359,2021-02-06 20:06:00,1.9669999999999999,2021-02-06 14:48:00,0.9009999999999999,2021-02-06 01:12:00,1.1540000000000001
L13511785-2021-02-06 11:32S80553985,2021-01-06 00:02:00,2021-01-06 00:02:00,US-NJ-025,Purple Sandpiper,pursan,"2–98 Ocean Ave, Spring Lake US-NJ 40.13928, -74.02584",L13511785,40.139282,-74.025841,1,Monmouth,2021-02-06 07:12:00,2.359,2021-02-06 20:06:00,1.9669999999999999,2021-02-06 14:48:00,0.9009999999999999,2021-02-06 01:12:00,1.1540000000000001
L13621770-2021-02-06 03:26S81148156,2021-01-06 00:02:00,2021-01-06 00:02:00,US-NJ-025,Purple Sandpiper,pursan,"100 Ocean Avenue, Belmar, New Jersey, US (40.187, -74.008)",L13621770,40.1865106,-74.0075101,12,Monmouth,2021-02-06 07:12:00,2.359,2021-02-06 20:06:00,1.9669999999999999,2021-02-06 14:48:00,0.9009999999999999,2021-02-06 01:12:00,1.1540000000000001
